{"src":{"59":{"src_imagen":["imgs\/"]},"60":{"src_imagen":["imgs\/"]},"61":{"src_imagen":["imgs\/cap 4.PNG","imgs\/cap 13.PNG","imgs\/cap 2.PNG"]},"62":{"src_imagen":["imgs\/valores0","imgs\/valores1"]},"66":{"src_imagen":["imgs\/aquiiiii0"]},"67":{"src_imagen":["imgs\/0"]},"68":{"src_imagen":["imgs\/prubadadada0"]},"69":{"src_imagen":["imgs\/0"]},"70":{"src_imagen":["imgs\/d0"]},"71":{"src_imagen":["imgs\/0"]},"72":{"src_imagen":["imgs\/0"]},"73":{"src_imagen":["imgs\/0"]},"74":{"src_imagen":["imgs\/1231230"]},"75":{"src_imagen":["imgs\/1231230"]},"76":{"src_imagen":["imgs\/0"]},"77":{"src_imagen":["imgs\/0","imgs\/1"]},"78":{"src_imagen":["imgs\/caca0","imgs\/caca1"]},"79":{"src_imagen":["imgs\/1698682106","imgs\/1698682106","imgs\/1698682106"]},"80":{"src_imagen":["imgs\/0.93440400 1698682164","imgs\/0.93839300 1698682164"]},"81":{"src_imagen":["imgs\/16986822320","imgs\/16986822321"]},"82":{"src_imagen":["imgs\/apartapruebaimgs16986822810","imgs\/apartapruebaimgs16986822811"]},"83":{"src_imagen":["imgs\/16986885880png"]},"84":{"src_imagen":["imgs\/16986886170.png"]},"85":{"src_imagen":["imgs\/pruebas xavii16986892570.png"]},"86":{"src_imagen":["imgs\/pruebas de imagenes16986894930.png"]},"87":{"src_imagen":["imgs\/pruebas de imagenes xd16986896360.png"]},"88":{"id":88,"src_imagen":["imgs\/ruebasdd xavi16986913290.png","imgs\/ruebasdd xavi16986913290.png"]},"89":{"id":89,"src_imagen":[]},"90":{"id":90,"src_imagen":["imgs\/prueba16992949430.png","imgs\/prueba16992949431.png"]},"91":{"id":91,"src_imagen":["imgs\/9116993726890.png","imgs\/9116993726891.png"]},"92":{"id":92,"src_imagen":[]},"93":{"id":93,"src_imagen":[]},"94":{"id":94,"src_imagen":[]},"95":{"id":95,"src_imagen":[]},"96":{"id":96,"src_imagen":[]},"97":{"id":97,"src_imagen":[]},"98":{"id":98,"src_imagen":[]},"100":{"id":100,"src_imagen":["imgs\/116994531941.png"]}}}